id,title,score,num_comments,created_utc,selftext,url
1eka10c,Trump says he has 'no choice' but to support electric vehicles because Elon Musk 'endorsed me very strongly',3836,740,1722816653.0,,https://www.businessinsider.com/trump-electric-vehicles-elon-musk-endorsement-2024-8
1i3tju5,Been waiting 8 years for this beauty and she‚Äôs finally mine! ,3618,246,1737155534.0,"Check out my brand new 2025 Volkswagen ID. Buzz with a blue two-tone exterior. It‚Äôs a first edition AWD with a 91kWh battery and 330 horsepower. And there‚Äôs lots of fun interior specs like a smart sunroof, 360 backup camera, and a large carplay screen. 

When they first announced the Buzz in 2016/2017 I was immediately hooked! I was like yes that‚Äôs the coolest thing I‚Äôve ever seen. So I went to the VW dealership where I had bought 3 cars prior, and begged for information. They or course had nothing to share. Since then I have been annoying my sales rep (sorry man!) and reading every article and update I could find about it. 

I found myself in need of a new car in 2022 and got an ID.4. It has been really fun diving into the EV world. I love the way the ID.4 drives and glides down the road. And all the tech gadgets are fun also! 

Yesterday. Finally. I got the call from VW that there was a Buzz on the lot that I could come look at. I went down this morning and fell in love! 

The ID. Buzz gives me all the warm nostalgic feelings but with new fancy features! It drives very smooth, just like the ID4. The battery has a huge capacity, there‚Äôs a ton of modular space on the inside, and it‚Äôs also very zippy! 

My only complaint is the high step up to get inside. But I‚Äôm sure I‚Äôll get used to that. 

I‚Äôm so stoked to finally have this amazing vehicle! Can‚Äôt wait to plan a trip and really test it out! 
",https://i.redd.it/xl44yoeazmde1.jpeg
1j2ya99,The Volkswagen ID.4 surpasses the Tesla Model Y as the best-selling electric vehicle in Europe,2583,284,1741048891.0,,https://en.softonic.com/articles/the-volkswagen-id-4-surpasses-the-tesla-model-y-as-the-best-selling-electric-vehicle-in-europe
l4yrke,President Biden will make entire 645k vehicle federal fleet electric,2465,359,1611612103.0,,https://electrek.co/2021/01/25/president-biden-will-make-entire-645k-vehicle-federal-fleet-electric/
1n44kra,Just picked up a new Xiaomi SU7 Max,2319,271,1756567947.0,"Ordered it in April 2025, was suppose to collect in October 2025 but there was a cancelled order with the exact same spec.

Costing in total: 340K RMB // 48K USD

It is based on the SU7 Max 674 hp, but I added a 21 inch wheel customised.

Picked up from the Beijing super factory. I‚Äôm a UK citizen living in China, so I had to rent a plate from someone.

Anyway, my first electric vehicle. There was a lot of YU7s there too.

So far I‚Äôve unlocked the autonomous driving and auto parking, works wonders.

",https://www.reddit.com/gallery/1n44kra
1gwlgof,Automakers to Trump: Please Require Us to Sell Electric Vehicles,2099,619,1732211465.0,,https://nytimes.com/2024/11/21/climate/gm-ford-electric-vehicles-trump.html
1i686yk,Executive order signed to reverse US electric vehicle policies,1842,790,1737426312.0,,https://www.theverge.com/2025/1/20/24347980/trump-ev-order-carbon-emission-rule
1i1dugd,The Times Is Forced to Correct a Misleading Article Claiming Electric Vehicle Demand Is Falling When It‚Äôs Actually Rising,1703,106,1736881973.0,https://bylinetimes.,https://bylinetimes.com/2025/01/13/the-times-was-forced-to-correct-a-misleading-article-claiming-electric-vehicle-demand-is-falling-when-its-actually-rising/
1mnttpw,America Has Completely Blown Any Sort Of EV Transition,1647,552,1754957714.0,"Inside EVs editor-in-chief, Patrick George: ""the auto industry has always chased two things: efficiency and performance. And EVs trump gas cars at both. How long do you think the automakers that serve the U.S.‚Äîpretty much all of whom operate globally‚Äîwill be willing to go along with archaic technology when the writing is on the wall everywhere else?""

And quoting Bloomberg:
""More than three-quarters of the value of vehicles brought into Nepal, Sri Lanka and Djibouti last year was purely electric. Import shares in Ethiopia and Laos were 40% and 30% respectively. Plug-in sales increased by 60% in developing countries as a whole in 2024, according to the International Energy Agency.""",https://insideevs.com/news/768551/america-ev-transition-cm/
1kpan4b,I wish everyone had electric vehicles because I‚Äôm so tired of breathing in exhaust fumes,1526,370,1747538862.0,I work at a drive thru and I‚Äôll open the window and there is just a cloud of exhaust being sucked in towards my face it‚Äôs ridiculous. Like why is this even allowed?,https://www.reddit.com/r/electricvehicles/comments/1kpan4b/i_wish_everyone_had_electric_vehicles_because_im/
1k8eqfr,"Trump is trashing electric vehicles. China is building cars the world wants. China dominates global EV sales, while U.S. consumers risk getting stuck on an island of outdated technology.",1475,261,1745679122.0,,https://www.washingtonpost.com/business/2025/04/25/auto-evs-trump-china-electric/
1igu6gr,Canada announces plans for 25% tariff on electric vehicles coming from the US,1452,185,1738602819.0,Looks like Canada will have to find alternate routes in importing Teslas from either Berlin or repeal the Chinese EV tax. Which means Tesla and BYD could resume their strategies in bringing their EVs back into Canada.,https://electrek.co/2025/02/03/canada-announces-plans-for-25-tariff-on-electric-vehicles-coming-from-the-us/
os35hg,Toyota is quietly pushing Congress to slow the shift to electric vehicles,1449,295,1627319233.0,,https://www.theverge.com/2021/7/26/22594235/toyota-lobbying-dc-ev-congress-biden-donation
1lafu3m,Consumer Reports Urges U.S. Lawmakers to Drop Proposed Electric Vehicle Fees,1410,228,1749821031.0,,https://evmagz.com/consumer-reports-urges-u-s-lawmakers-to-drop-proposed-electric-vehicle-fees/
152536h,"As a conservative, I hated the idea of owning an electric car. And then this happened.",1337,611,1689607671.0,"Hey all.

Until last month I was ardently against EV ownership. 

I won‚Äôt go on about it too much but forcing people to buy only electric by a certain year sits in a sour spot with me. 

Read further below for how to better talk to someone like me. Many of us are willing to listen. 

With that, last month my views on electric vehicles changed. A lot. 

I was at CarMax and as the agent was showing me options, I noticed a car in my price range that claimed to have CarPlay. 

I noticed it was an EV (2019 Nissan Leaf) and because there were only a few options for my budget with CarPlay I decided to test drive it. 

I instantly fell in love with everything about it. 

The car is as quiet inside as many higher end Mercedes Benz models (measured by Car and Driver magazine)

It is relatively speedy off a stop, it turns well. 

And to top it all off, it costs 1/4 the cost to run. Probably less because the regenerative braking means I likely won‚Äôt ever need a brake job over the time I own it. 

The negative is that there was no CarPlay. They mislabeled the car in their inventory and I ended up negotiating a $200 price reduction and getting an external dash system for that. 

Yet even after driving gasoline cars with CarPlay, I stuck with this little leaf. 

Once I sat in it and drove it, felt no vibration from an engine, no shifting through the transmission, and how cold the AC gets so quickly (I‚Äôm in Vegas, this matters) I was hooked. 

Next up is something much better with larger range. This only has 150 mile range. Better credit, trade in, new EV? 

Likely yea. 

There are things I don‚Äôt like. 

I am nearly over range anxiety. I haven‚Äôt driven it in the winter with the heat on and that bothers me to think of what the battery may do. 

Because I‚Äôm in Nevada and we don‚Äôt have many intra state highways to begin with, long trips are nearly impossible, and since many of them are over steep grades, and the charging stations sometimes don‚Äôt work, I won‚Äôt even try them. 

So my tune has changed. I‚Äôll tell anyone to look in this direction. 

I‚Äôll leave you with this if you‚Äôre trying to sell people like me on the idea:

It isn‚Äôt so much about the environment to people like me. 

I believe in global warming. I also watch billionaires scream about it and take private jets. 

You‚Äôll not win that position with many conservatives but we all feel the crunch of the economy, and this helps a great deal. 

We all like nice stuff. If I knew how practically silent this thing was inside and how fun it was to drive, I would have actively looked at an EV as an option. 

Is this the future? Yes. 

Does it need a better message for folks like me? üíØ yes. 

Thanks all for reading.",https://www.reddit.com/r/electricvehicles/comments/152536h/as_a_conservative_i_hated_the_idea_of_owning_an/
xohw2u,My first EV - I've never had so many compliments on a car before !,1333,203,1664195247.0,,https://i.redd.it/5w7q9r0c57q91.jpg
1qclpq6,"How long do electric car batteries last? Analysis of over 22,700 electric vehicles, covering 21 different vehicle models, confirms that overall, modern EV batteries are robust and built to last beyond a typical vehicle‚Äôs service life.",1322,194,1768392779.0,,https://www.geotab.com/blog/ev-battery-health/
166hs81,"Biden-Harris Administration Announces $15.5 Billion to Support a Strong and Just Transition to Electric Vehicles, Retooling Existing Plants, and Rehiring Existing Workers",1298,197,1693503992.0,,https://www.energy.gov/articles/biden-harris-administration-announces-155-billion-support-strong-and-just-transition
nswtuz,The fastest way to get more people to buy electric vehicles: Build more charging stations,1261,354,1622903009.0,,https://www.vox.com/22463219/electric-vehicles-charging-station-infrastructure
1lgvu6r,Wanted to share my electric Ford E Transit work van,1245,113,1750510289.0,"I run a handyman business in the US Midwest and use a high roof Ford E Transit which I modified to fit my tool storage needs. My business is based on the premise that all of my customers are within 25miles of my shop location which has a level 2 charger onsite. Mileage range in the summer is about 135miles and closer to 100 miles in the winter, still plenty of range for at least 2-3 work locations a day, runs to the store for materials and the return drive to get it charged up for the next day. Currently I average about an extra $70 a month in electricity, compared to my previous gas powered vehicle that required around $120 in gas every two weeks. So far this setup has been perfect for my business, though I‚Äôll admit it wouldn‚Äôt be very desirable if I didn‚Äôt have a charger at my shop. It was scary to make the initial investment into going fully electric but after owning the van for over a year now, the pros far exceed the cons for me. ",https://www.reddit.com/gallery/1lgvu6r
1jxbik3,Tesla Canada says its shady $43 million incentive grab was a misunderstanding,1230,387,1744441512.0,"

Tesla has sent a response to Transport Canada about its¬†sudden incentive cash grab¬†from March, stating that this is standard process and suggesting that the incentives were for backdated sales that Tesla hadn‚Äôt filed yet.

Until recently, Canada had a $5,000 incentive for electric vehicle purchases, similar to the¬†US $7,500 federal incentive¬†from Biden‚Äôs Inflation Reduction Act.

That ended earlier this year, though as the incentive program ran out of money more quickly than expected, and it didn‚Äôt look like the government was going to refill the program anytime soon. Canada is also currently going through a contentious federal election process, so it was unlikely for its government to move on refilling this incentive while things are shaken up.

So, the government communicated in January that the program would run out of money soon ‚Äì very soon ‚Äì giving dealers only a few days to claim incentives.

Then in March, it was¬†reported by the Toronto Star¬†that something suspicious had happened with Tesla, as it had filed for 8,653 EV sales within the last 72 hours of the Canadian rebate incentive, an abnormally high number.

One Tesla locations in particular, Quebec City, claimed 4,000 rebates over the course of a weekend, which is physically impossible for a location of that size, and represents about a ~20x spike in daily deliveries for the location. Another location in Etobicoke reportedly claimed 2,528 rebates over the weekend, which is more than all the rebates that location had previously claimed combined.

The alarm was raised by the Canadian Auto Dealers Association, which said its dealers as a whole had been left out of around $10 million in rebates representing 2,295 cars. Dealerships claimed that ‚ÄúTesla gamed the system‚Äù and that ‚Äúthey cleared everyone else out.‚Äù

",https://electrek.co/2025/04/09/tesla-canada-says-its-shady-43-million-incentive-grab-was-a-misunderstanding/
1g1vt91,Electric vehicle battery prices are expected to fall almost 50% by 2026,1210,197,1728722392.0,,https://www.goldmansachs.com/insights/articles/electric-vehicle-battery-prices-are-expected-to-fall-almost-50-percent-by-2025
1e6ynua,Trump Vows Action to End Electric Vehicle ‚ÄòMandate‚Äô on Day One,1195,625,1721377243.0,,https://www.bloomberg.com/news/articles/2024-07-19/trump-vows-action-to-end-electric-vehicle-mandate-on-day-one
1q1srxr,Norway's new car sales were 96% electric in 2025,1187,227,1767340398.0,,https://www.reuters.com/sustainability/climate-energy/norways-new-car-sales-were-96-electric-2025-2026-01-02/?taid=695778b1469db40001f63bd3&utm_campaign=trueAnthem:+Trending+Content&utm_medium=trueAnthem&utm_source=twitter
1lnjmn9,Big Beautiful Bill is imposing a $250 fee on electric vehicles,1179,303,1751216383.0,Looks like the Senate has doubled down and increased the fee to $250 and it‚Äôs back on the table.,https://www.congress.gov/bill/119th-congress/house-bill/1/text
13r4skr,Bought a (very) cheap EV two weeks ago and it's completely changed my mind on EVs.,1164,427,1684979999.0,"As a car enthusiast, I have been watching EVs since I first heard about Tesla (back when they were still developing the original roadster). I was always put off by the usual issues (price, range, lack of infrastructure) and was convinced that it would be a long time before I owned an EV.

My favorite cars have been German hot hatches and performance sedans. I'm a ""save the manuals"" guy and love the sound of a V8. Some of my dream cars include classic cars, Lamborghinis, and Hellcats.

Recently I came across a very inexpensive used Leaf while browsing things for sale. (cheap even by gen 1 Leaf standards) I immediately contacted the seller and bought it.

Even with only ""90"" miles of range (according to the guess o meter), it's more than adequate for my daily needs around town and I can easily keep it charged on the level 1 charger that came with it.

I love the way the electric powertrain feels. Even though the gen 1 leaf has a comparatively weak motor, it's plenty of zip in my daily city driving. (I almost never get on highways and the fastest roads are 45mph) As a gearhead, I underestimated how much I would enjoy the silence, smoothness, response, and torque of the electric powertrain. I also underestimated how much I enjoyed the efficiency of not sitting idling in traffic.

When I bought it, I had no plans to sell my previous commuter car but in less than a week I changed my mind. I plan on keeping my old pickup truck because I haul things for my business and can also use it when I need to drive long distances. Because of this, the Leaf's range is more than adequate for me and my daily EV driving more than makes up for my use of a truck on my occasional long-distance trip.

I'm sharing this hoping that other people reading this may also have their opinion swayed on electric cars. People who, like me, enjoy gasoline-powered cars and are unsure about EVs. I've already got my V8 truck-driving friend intrigued. I crunched the numbers for him and the difference in fuel cost between his truck and my leaf would pay for my leaf in less than a year.

Edit: Thanks for all of the comments. I've made an effort to read every one so far. Here's some more info if you want some ammo to convince others. I know this info is out there but again it's one more bit of evidence to add to the pile. Plus I was curious and had already done the math.

In the two weeks I've owned my Leaf, I'm averaging 4.3 miles per kwh. Even at $0.15 per kwh, my Leaf costs about 3.5 cents per mile in electricity.

My 4 cylinder hatchback got an average of 24mpg which @$3.00/gallon is 12.5 cents per mile.

My friend's V8 truck averages 15mpg which equates to 20 cents per mile.

Over 100,000 miles, my Leaf costs $3,500 in electricity while my hatchback costs $12,500 and the truck costs $20,000.",https://www.reddit.com/r/electricvehicles/comments/13r4skr/bought_a_very_cheap_ev_two_weeks_ago_and_its/
145il74,"Volvo Vows To Go All-Electric, Not Sell Another ICE Vehicle After 2030",1159,206,1686349009.0,,https://www.carscoops.com/2023/06/volvo-vows-to-go-all-electric-not-sell-another-ice-vehicle-after-2030/
smt7nh,"Electric Vehicles Are Getting Bigger and Heavier. Why? EVs don‚Äôt have to be massive. Smaller, more efficient cars would consume fewer resources and make roads a lot safer.",1133,818,1644248685.0,,https://www.bloomberg.com/opinion/articles/2022-02-07/electric-vehicles-from-hummer-to-rivian-to-ford-are-getting-heavier-why?utm_source=facebook&cmpid=socialflow-facebook-view&utm_content=view&utm_campaign=socialflow-organic&utm_medium=social
v2oskk,"Ford‚Äôs CEO says the global auto industry is headed for a huge price war in the coming years as electric vehicle costs drop and companies sell EVs priced around $25,000",1126,357,1654110732.0,,https://abcnews.go.com/US/wireStory/ford-ceo-sees-electric-vehicle-price-war-ev-85113648
11658xk,"NSW introduces fines of up to $2,200 for ""ICEing"" electric vehicle charging stations",1093,87,1676794705.0,,https://thedriven.io/2023/02/17/nsw-introduces-fines-of-up-to-2200-for-iceing-electric-vehicle-charging-stations/
1ing4m7,Global Electric Vehicles sales surge 18% year-over-year in January,1095,118,1739326039.0,,https://electrek.co/2025/02/11/global-ev-sales-surge-18-y-o-y-but-speed-bumps-lie-ahead/
pte75i,Electrek: Toyota is facing boycotts over its fight to slow electric vehicle progress.,1068,310,1632336543.0,,https://electrek.co/2021/09/22/toyota-facing-boycotts-over-fight-slow-electric-vehicle-progress/
10b83fl,"Take That, California! Wyoming Legislators Draft Resolution Banning Electric Vehicles By 2035",1061,551,1673650198.0,,https://cowboystatedaily.com/2023/01/13/take-that-california-wyoming-legislators-draft-resolution-banning-electric-vehicles-by-2035/
wpyoav,"Dodge will discontinue its gas-powered Challenger and Charger muscle cars at the end of next year, as the brand transitions to electric vehicles.",1041,269,1660667172.0,,https://www.cnbc.com/2022/08/15/dodge-challenger-charger-to-be-discontinued-in-2023.html
12hn48z,Five Years of Model 3 Ownership by the Numbers (I've tracked everything),1014,337,1681142498.0,"It has been five years since we acquired a very early make of the Tesla Model 3 (LR RWD). Buckle up, data nerds, because I‚Äôve tracked **EVERYTHING**.

[Delivery Day \(2018\)](https://preview.redd.it/9hjv6t9su2ta1.jpg?width=1747&format=pjpg&auto=webp&s=facb022de6851dd962727be02f0b7e484be0d08c)

# Five Years of Model 3 Ownership by the Numbers

**58,168** \- Odometer reading - This works out 11,633 miles per year, under the average 13,500 miles per year driven by US drivers. I have a short commute.

**14,115‚Äô** \- Highest Elevation Driven - Pike‚Äôs Peak, Colorado. The battery charged from 42% to 52% on the way back down.

**7385** \- Sequence number of the car, aka the 7385th Model 3 built by Tesla. Approximately 1.9 million have been manufactured since making this car older than 99.6% of Model 3‚Äôs you see on the road.

**2,805 mi** \- Longest Road Trip - Ohio to Colorado Springs and back in the summer of 2020.

[Lifetime Drive Map](https://preview.redd.it/9j53zpxxu2ta1.jpg?width=2048&format=pjpg&auto=webp&s=85b154aa9d138f05ee80131bd568622e6c10dd8e)

**261** \- Watt-hours per mile consumed - this is the average efficiency of the car throughout its lifetime.  A single gallon of gasoline contains 33,700 watt-hours of energy. This means 261 Wh/mi is the same as 129 mpg (33,700/261).  Thanks for the correction, commenters. I somehow messed up the math in the original post.

**94%** \- Percentage of charges that took place at home.

**74** \- Software updates (since I started counting in Jan 2019 - so there were more). Software updates download via the internet, just as they do to your cell phone. Some features added over the years that the car didn‚Äôt come with include: The ability to change lanes automatically on the highway and autonomously take highway exits, the ability to drive autonomously in a parking lot and pick me up at the door, Spotify, Netflix, video games, and a fart machine.

**30 min** \- Average length of each charging stop on road trips. The majority of these charges were while we ate lunch or dinner. In fact, all the meal stops likely brought up the average since we would often stay longer than necessary eating. The necessary amount of time to stop is usually closer to 20 minutes.

**$27** \- Average additional cost of electricity to our monthly power bill incurred by the car.

**13.5** \- Megawatt Hours Consumed - Total energy consumed by the car. This is enough electricity to power the average home in Ohio for 1.25 years.

**5** \- Service Center Visits - Total cost $885 (a windshield - everything else warranty/recall).

**3** \- Mobile Service Visits to my home - Total cost $216 (to repair a torn underbody shield).

**3** \- Windshields replaced - rear window spontaneously cracked (replaced under warranty in 2018), front windshield cracked out during a failed Safelite rock chip fix in 2019, [front windshield destroyed by a snowplow in 2022](https://youtu.be/WzQqbbxbuLw) (fixed for free courtesy of ODOT).

[RIP Windshield #2](https://preview.redd.it/ha3k04qnx2ta1.png?width=1276&format=png&auto=webp&s=2708a6b54661c3aabadc99570cd1310cf7838814)

**3** \- Sets of tires. I admittedly blew through my stock set of all seasons by 20k miles. I've been much more kind to my tires since. I'm currently swapping between a summer set and a winter set, and both have 1-2 seasons of life on them.

**3** \- Test drives given to complete strangers - In the early days, Tesla was not making inventory vehicles. Every Model 3 was delivered to a customer, so you couldn‚Äôt drive one unless you bought one. Three people found me in various ways and test-drove my car before they purchased one for themselves.

**1** \- Number of times we couldn‚Äôt go someplace because we were in an electric car. Wanted to visit Great Sand Dunes National Park while staying in Colorado Springs. The car had to charge on the way back, but the charger was so out of the way that it would have added hours of drive time. We did something closer instead.

**0.3%** \- Lowest useable battery capacity reached - First Thanksgiving with the car. I had calculated we could make all the family visits we needed to get to that day on one charge but didn‚Äôt realize the car loses 3% of its battery capacity every time it‚Äôs parked in sub-zero temperatures. Still unsure why. It must have something to do with keeping the battery warm.

**0** \- Number of times the battery died before reaching a charger. The example above was the only close call.

**0** \- Number of brake services and oil changes

**0** \- Number of times Autopilot crashed the car",https://www.reddit.com/r/electricvehicles/comments/12hn48z/five_years_of_model_3_ownership_by_the_numbers/
12fot11,"E.P.A. Is Said to Propose Rules Meant to Drive Up Electric Car Sales Tenfold | In what would be the nation‚Äôs most ambitious climate regulation, the proposal is designed to ensure that electric cars make up the majority of new U.S. auto sales by 2032.",1011,445,1680966426.0,,https://www.nytimes.com/2023/04/08/climate/biden-electric-cars-epa.html?unlocked_article_code=sWRar9oD5hbtFYEvmDrv6VRd_-aVFAuB_tb-6BcwWBaqjuEJmOBxWMw5o_fCQxbFkuF_0_kdyZ9OMtvuR4TQ1x753QQxsypJ9oK8uttmIrugCObTrQAX9CKZhZ6u_b0xRckTdRAIZk8vDEIR2jAvaK78YQjRAsxgeCnj9un65Zqj1dSL-ZPE89-PiVygL27lyW07R4VhOGngWQ64xR9YZOfUT9LGq-307Xl3uuDX3Wc75lZBywynbE4h8SSlgmU-Lo09tv_5RBmHJMibU1qS2hbS1xWWeHKv6J-OLvQUzlFievutw_pmBoSLcwXFLoHwqrFfpA9i2JSTWE6oAa479Ic
1ev7vyz,EVs are starting to overtake gas-powered cars in a surprising place (Ethiopia),989,94,1723983503.0,"""There are around 100,000 EVs in Ethiopia so far. The Ethiopian government estimates that number will more than quadruple by 2032. That‚Äôs largely because the national government took the extraordinary step earlier this year of banning the import of all gas-powered passenger vehicles ‚Äî becoming the first nation in the world to do so.""

""Ethiopia is leaning hard into EVs in part because importing fuel is expensive, and 96% of the country‚Äôs electricity comes from clean hydropower ‚Äì a dual win for the country‚Äôs finances and the environment.""",https://amp.cnn.com/cnn/2024/08/17/climate/ethiopia-evs-gas-car-ban-climate
1chn6ut,"Kia U.S. EV Sales Hit A New Record In April 2024 | For the first time in history, the company sold roughly 5,000 all-electric cars in a single month.",980,295,1714572745.0,,https://insideevs.com/news/718103/kia-us-ev-sales-april2024/
q45l49,"Michelin is developing airless tires for electric vehicles, set to release in 2024",973,226,1633723306.0,,https://i.imgur.com/dGXnn0H.jpeg
yecs81,The Chevy Bolt's huge sales prove America is craving a cheap electric car | CNN Business,969,325,1666828265.0,,https://www.cnn.com/2022/10/26/business/chevrolet-bolt-sales?fbclid=IwAR00sPk-MbnPoWQRNqOI6ZdPsDH61wwKK74LQmF-bZoBB9nRjRQpenEKF-E
1qo5tal,Fully electric vehicle sales in EU overtake petrol for first time in December,945,79,1769494102.0,,https://www.reuters.com/business/autos-transportation/fully-electric-vehicle-sales-eu-overtake-petrol-first-time-december-2026-01-27/
vliorq,"Electric vehicles should be cheaper to buy on average than combustion vehicles in about five years, without subsidies!",946,249,1656290290.0,,https://about.bnef.com/blog/the-ev-price-gap-narrows/
vy5vv4,"Polestar reports 125% increase in electric car sales, becomes a quiet success in EV space",929,183,1657725938.0,,https://electrek.co/2022/07/13/polestar-reports-125-increase-electric-car-sales-quiet-success-ev-space/
1izuy21,"Volkswagen ID.4 sales soar by 653% in the United States: what has happened? The Volkswagen ID.4 experiences a significant increase in sales in January 2025, becoming the third best-selling electric vehicle in the U.S. market",923,175,1740702457.0,,https://en.softonic.com/articles/volkswagen-id-4-sales-soar-by-653-in-the-united-states-what-has-happened
vc5y5n,Ford Halts Mustang Mach-E Sales: Safety Recall With No Current Fix | Ford has instructed dealers not to demonstrate or deliver any new in-stock vehicles involved in the recall.,910,297,1655220212.0,,https://insideevs.com/news/592075/ford-mustang-mache-safety-recall-stop-sale/
ugzurb,Biden kicks off $3 billion plan to boost battery production for electric vehicles,903,155,1651525934.0,,https://www.cnbc.com/2022/05/02/biden-starts-3-billion-plan-to-boost-battery-production-for-evs.html
1nde1zy,Ottawa considering scrapping tariffs on Chinese electric vehicles,904,194,1757510473.0,,https://www.ctvnews.ca/business/autos/article/ottawa-considering-scrapping-tariffs-on-chinese-electric-vehicle-tariffs/
12pbyre,Major drop in lithium prices could mean cheaper electric vehicles,894,166,1681729599.0,,https://www.cbc.ca/news/canada/sudbury/lithium-price-drop-electric-vehicles-1.6811105
1fhqjgz,‚ÄúWhat if the electricity goes out?‚Äù,874,592,1726443344.0,"Sick of hearing this one. I always respond with:

""But you wouldn't be able to get gas, either."" 

""Well I would have gas!""

""Well, my car would be charged!""

""Oh.""

Do people think the grid needs to be up in order for them to use an electric vehicle? Like it would suddenly stop driving if power went out because it has no reserve capacity?

Ugh. Just venting.",https://www.reddit.com/r/electricvehicles/comments/1fhqjgz/what_if_the_electricity_goes_out/
mmtrre,Transportation Secretary Pete Buttigieg: Electric vehicles shouldn't be a luxury item,868,263,1617894288.0,,https://finance.yahoo.com/news/transportation-secretary-pete-buttigieg-electric-vehicles-shouldnt-be-a-luxury-item-145007623.html
